"Technician","Technician"
"Technical Recruiter","Technical Recruiter"
"Trainer","Trainer"
"Payroll Clerk","Payroll Clerk"
"Human Resources Specialist","Human Resources Specialist"
"Web Developer","Web Developer"
"Product Marketing Manager","Product Marketing Manager"
"Systems Engineer","Systems Engineer"
"Network Engineer","Network Engineer"
"Assistant Controller","Assistant Controller"
"Human Resources Coordinator","Human Resources Coordinator"
"Physical Therapist","Physical Therapist"
"Physical Therapist Thera","Physical Therapist Thera"
"Java Developer","Java Developer"
"Mechanical Engineer","Mechanical Engineer"
"Occupational Therapist","Occupational Therapist"
"Nurse","Nurse"
"Occupational Therapist Occupation","Occupational Therapist Occupation"
"Engineer","Engineer"
"Senior Financial Analyst","Senior Financial Analyst"
"Software Engineer","Software Engineer"
"Business Analyst","Business Analyst"
"Cost Accountant","Cost Accountant"
"Senior Software Engineer","Senior Software Engineer"
"Systems Administrator","Systems Administrator"
"Pharmacist","Pharmacist"
"Quality Engineer","Quality Engineer"
"Controller","Controller"
"Director Business Development","Director Business Development"
"Training Specialist","Training Specialist"
"Administrator Payroll","Administrator Payroll"
"Marketing Manager","Marketing Manager"
"Product Manager","Product Manager"
"Senior Product Manager","Senior Product Manager"
"Accountant","Accountant"
"Project Manager","Project Manager"
"Design Engineer","Design Engineer"
"Auditor","Auditor"
"Manufacturing Engineer","Manufacturing Engineer"
"Project Engineer","Project Engineer"
"Accounting Manager","Accounting Manager"
"Marketing Director","Marketing Director"
"Tax Manager","Tax Manager"
"Human Resources Assistant","Human Resources Assistant"
"Business Development Manager","Business Development Manager"
"Marketing","Marketing"
"Senior Marketing Manager","Senior Marketing Manager"
"Financial Analyst","Financial Analyst"
"Recruiter","Recruiter"
"Payroll Specialist","Payroll Specialist"
"Speech Language Pathologist","Speech Language Pathologist"
"LPN","LPN"
"Speech Pathologist Assistant","Speech Pathologist Assistant"
"Electrical Engineer","Electrical Engineer"
"Senior Accountant","Senior Accountant"
"Registered Nurse","Registered Nurse"
"Account Manager","Account Manager"
".NET Developer",".NET Developer","Dotnet Developer"
"Process Engineer","Process Engineer"
"Data Scientist","Data Scientist"
"Data Analyst","Data Analyst"
